Created Date,Query,Total Results
2024-03-26 16:21:07,normalize,2
2024-03-26 16:20:50,normalize,2
2024-03-26 16:13:28,normalize,2
2024-03-25 15:14:26,new_code_cell,2
2024-03-24 16:01:10,splitlines,0
2024-03-23 06:54:30,from_notebook_node,0
2024-03-22 09:26:55,import,1
2024-03-20 12:48:22,qmd,0
2024-03-20 11:23:11,dict,3
2024-03-19 12:37:19,version,3
2024-03-18 22:29:40,code_cell,1
2024-03-18 22:23:52,nbformat,5
2024-03-17 15:57:40,normalize,2
2024-03-17 11:11:42,nbconvert,1
2024-03-16 04:41:49,cells,4
2024-03-14 19:32:43,new_code_cell,2
2024-03-14 15:22:47,replace,0
2024-03-14 15:22:44,reokace,0
2024-03-14 15:22:41,cell.replace,0
2024-03-14 15:22:16,cell,4
2024-03-14 09:11:15,normalize,2
2024-03-14 06:38:32,normalize,2
2024-03-14 06:38:28,normalize,2
2024-03-14 02:06:51,new_notebook,2
2024-03-12 15:20:39,plotly,0
2024-03-12 11:04:41,normalize,2
2024-03-12 11:04:37,normalise,0
2024-03-11 16:35:15,normalize,2
2024-03-11 16:33:09,normalize,2
2024-03-11 01:20:04,my private chats,0
2024-03-09 16:56:46,kernel,2
2024-03-09 14:37:39,read,4
2024-03-08 18:35:13,cell,4
2024-03-08 18:26:12,notebooknode,3
2024-03-08 10:32:14,inline image,1
2024-03-07 19:13:51,source_hidden,2
2024-03-06 17:22:56,executepreprocessor,0
2024-03-06 13:37:38,version,3
2024-03-06 12:41:10,numpy,0
2024-03-06 01:31:22,math,0
2024-03-05 17:11:44,normalize,2
2024-03-05 16:16:19,normalize,2
2024-03-05 08:44:37,install,1
2024-03-05 08:11:33,nb.cells,1
2024-03-04 20:21:07,pdf,1
2024-03-04 17:57:36,collapsible,0
2024-03-04 14:38:43,execution count,2
2024-03-03 19:11:45,from_notebook_node,0
2024-03-03 00:29:02,from_notebook_node,0
2024-03-01 17:06:28,tag,2
2024-03-01 13:10:05,new_notebook,1
2024-03-01 13:07:27,new_notebook,2
2024-02-29 14:31:06,remove,1
2024-02-27 15:24:34,codecell,0
2024-02-27 15:23:50,new_notebook,2
2024-02-26 04:34:10,source_hidden,2
2024-02-26 04:11:00,hidden,0
2024-02-26 04:10:47,hide cell,4
2024-02-25 13:19:36,is not valid under any of the given schemas,5
2024-02-23 13:53:44,normalize,2
2024-02-23 13:53:42,nromalize,0
2024-02-23 13:53:35,normalize,2
2024-02-22 22:01:51,resources dict,3
2024-02-22 22:01:46,resourcedict,0
2024-02-22 22:01:41,resourcesdict,0
2024-02-22 16:16:30,execut,0
2024-02-22 16:16:27,excut,0
2024-02-21 15:57:38,numbering,0
2024-02-21 15:57:30,autonumbering,0
2024-02-21 14:10:36,cell,4
2024-02-21 14:05:20,normalize,2
2024-02-21 00:48:24,my private chats,0
2024-02-20 07:57:11,normalize,2
2024-02-20 07:56:45,normalize,2
2024-02-20 06:16:30,markdown,4
2024-02-20 05:39:31,output_type,2
2024-02-20 05:31:28,output,3
2024-02-19 03:13:28,watch,0
2024-02-19 02:42:20,placeholder,0
2024-02-17 12:55:33,planet,0
2024-02-17 12:55:06,code fall,4
2024-02-16 05:47:15,validate,4
2024-02-15 11:51:54,nbconvert,1
2024-02-15 11:51:07,--no-prompt,3
2024-02-15 09:44:45,pan,0
2024-02-14 13:27:26,pan,0
2024-02-14 13:27:20,pandoc,0
2024-02-12 22:31:05,outputs,3
2024-02-11 15:52:03,"how to inject ""latex""into devices from pandoc?",4
2024-02-11 15:51:30,"how to inject """"into devices?",4
2024-02-11 15:51:20,"how to inject """"into devices",4
2024-02-09 19:53:37,read,4
2024-02-09 10:04:23,convert,1
2024-02-09 05:03:12,normalize,2
2024-02-08 19:19:19,html,1
2024-02-08 17:14:45,normalize,2
2024-02-08 17:14:40,normlaize,0
2024-02-07 13:27:15,install,1
2024-02-07 12:10:19,warning,1
2024-02-07 00:47:09,validate(,4
2024-02-06 23:18:33,display_data,1
2024-02-06 23:18:29,capture_output,0
2024-02-06 22:43:05,id,2
2024-02-06 16:40:44,html export,1
2024-02-06 16:40:43,export,0
2024-02-04 14:43:15,node,1
2024-02-04 14:43:11,nbnode,0
2024-02-04 13:54:39,write,2
2024-02-04 08:00:53,percent,0
2024-02-04 08:00:48,py:percent,0
2024-02-02 20:30:05,jupyter namespace,5
2024-01-31 21:33:37,convert,2
2024-01-31 16:06:48,trust,1
2024-01-31 01:46:55,normalie,0
2024-01-29 18:06:34,new_output,2
2024-01-29 18:06:31,output,3
2024-01-29 14:11:40,docx,0
2024-01-29 14:10:51,docxtpl,0
2024-01-24 23:33:53,normalize,2
2024-01-24 18:48:47,unsafe,1
2024-01-24 18:48:44,safe,0
2024-01-23 21:36:12,new_notebook,2
2024-01-23 14:14:31,css,1
2024-01-23 14:14:26,style.css,0
2024-01-23 12:46:58,notebooknode,3
2024-01-21 18:49:14,read,4
2024-01-20 16:24:55,tags,1
2024-01-19 23:37:30,output type,4
2024-01-18 19:13:13,to_html,0
2024-01-18 18:43:04,rem,0
2024-01-18 18:42:54,comment,0
2024-01-18 10:58:17,json,4
2024-01-17 19:18:17,metadata,4
2024-01-16 23:50:56,image,1
2024-01-16 09:55:29,notebooknode,3
2024-01-15 19:30:31,metadata,4
2024-01-14 22:09:18,execution,2
2024-01-14 21:40:49,cell,4
2024-01-12 17:50:00,line number,2
2024-01-12 16:12:25,nb_format_minor,0
2024-01-12 01:45:49,readnb,0
2024-01-11 08:04:56,name,2
2024-01-11 05:59:52,path,2
2024-01-10 12:35:45,jupiter notebook,5
2024-01-10 12:29:05,extensions,1
2024-01-10 12:28:58,pep8,0
2024-01-10 12:28:55,autuopep8,0
2024-01-10 02:28:29,run,0
2024-01-10 02:28:24,run_cell,0
2024-01-10 02:25:06,execute,0
2024-01-10 02:15:26,tag,2
2024-01-09 14:51:09,read,4
2024-01-09 13:29:58,normalize,2
2024-01-09 07:41:59,read,4
2024-01-08 20:07:20,notebooknode,3
2024-01-08 19:29:45,notebooknode,3
2024-01-08 19:28:35,rmd,0
2024-01-07 00:14:46,latex,1
2024-01-04 18:43:08,codemirror_mode,1
2024-01-04 10:56:03,normalize,2
2024-01-04 10:55:40,normalize,2
2024-01-02 21:48:19,codemirror_mode,1
2023-12-30 03:34:53,nbformat_minor,2
2023-12-29 07:39:21,remove,1
2023-12-28 18:16:38,normalize,2
2023-12-28 12:16:27,config,0
2023-12-28 11:25:13,metadata,4
2023-12-27 16:27:56,install,1
2023-12-27 15:05:48,image,1
2023-12-27 11:08:06,normalize,2
